2017110169,Winnah D'Aubney,010-3764-9212,wdaubney0@seattletimes.com
2017119308,Hubie Billitteri,010-5852-1138,hbillitteri1@cbslocal.com
2017113511,Ignatius Claxson,010-1247-4161,iclaxson2@cmu.edu
2017110140,Derron Goldstone,010-5376-1203,dgoldstone3@ft.com
2017112136,Joanie Batiste,010-0545-9747,jbatiste4@printfriendly.com
2017118106,Gerianne Kobke,010-7286-7343,gkobke5@admin.ch
2017111672,Laetitia Simister,010-4800-2894,lsimister6@163.com
2017111853,Justina Rubke,010-0890-2881,jrubke7@time.com
2017114876,Kendre Parslow,010-8561-6280,kparslow8@surveymonkey.com
2017113382,Alessandra Mendel,010-5515-1083,amendel9@ifeng.com
2017110481,Jessamyn Chalfain,010-3984-1283,jchalfaina@cbc.ca
2017112793,Malvina Stienton,010-1908-1430,mstientonb@usa.gov
2017119738,Ambrosio Lilie,010-9149-7605,aliliec@house.gov
2017112651,Birch Holyland,010-3579-8474,bholylandd@cdc.gov
2017118317,Brigit Lowensohn,010-7127-3826,blowensohne@instagram.com
2017116658,Eddie Drever,010-2851-8696,edreverf@e-recht24.de
2017116596,Lara Samways,010-7407-0907,lsamwaysg@oakley.com
2017111048,Giralda Woolbrook,010-1108-9981,gwoolbrookh@cargocollective.com
2017115170,Ara Sprigg,010-8466-3266,aspriggi@live.com
2017115917,Iosep Dunguy,010-4459-5313,idunguyj@about.me
2017112733,Walker Abbet,010-4218-4719,wabbetk@domainmarket.com
2017110946,Clarita Fildes,010-6681-9799,cfildesl@youku.com
2017119818,Thomas Hewkin,010-5527-5692,thewkinm@kickstarter.com
2017118431,Tori Lorie,010-5773-2388,tlorien@yahoo.com
2017119325,Courtenay De Vaux,010-1941-6173,cdeo@issuu.com
2017112720,Rosie Jefferies,010-3759-4678,rjefferiesp@smh.com.au
2017116002,Marcello Drewet,010-8994-0735,mdrewetq@ibm.com
2017110971,Lanie Gatheridge,010-1996-0699,lgatheridger@hp.com
2017114344,Antonin Laye,010-2224-8359,alayes@hugedomains.com
2017110315,Sigfrid Work,010-7264-5465,sworkt@merriam-webster.com
2017114045,Shina Yelden,010-9885-3295,syeldenu@addthis.com
2017119924,Arturo Pershouse,010-5261-2021,apershousev@alexa.com
2017115299,Yoko Pavie,010-4372-5605,ypaview@dagondesign.com
2017115147,Annice Senter,010-6729-6899,asenterx@google.es
2017111043,Janine Warstall,010-6541-7600,jwarstally@woothemes.com
2017112731,Jeddy Lucian,010-1374-6926,jlucianz@hud.gov
2017118296,Haskell Middas,010-2857-3755,hmiddas10@sitemeter.com
2017113533,Reagan Hakking,010-5404-9944,rhakking11@eventbrite.com
2017118203,Melisenda Pietzker,010-3190-7302,mpietzker12@adobe.com
2017115707,Gertrude Fitter,010-1045-6456,gfitter13@engadget.com
2017116113,Piper Joesbury,010-1716-2329,pjoesbury14@uiuc.edu
2017118336,Allissa Kertess,010-8091-3167,akertess15@fema.gov
2017118757,Janean Duignan,010-2475-3719,jduignan16@google.ru
2017113399,Ingrim Benediktsson,010-3441-8674,ibenediktsson17@constantcontact.com
2017116947,Una Cordsen,010-4722-8316,ucordsen18@a8.net
2017111116,Natassia Langley,010-3247-5355,nlangley19@goo.ne.jp
2017117745,Culver Nerne,010-5271-4407,cnerne1a@latimes.com
2017112487,Hubert Bolgar,010-3595-6238,hbolgar1b@xrea.com
2017115743,Laryssa Vasyuchov,010-7089-9985,lvasyuchov1c@xinhuanet.com
2017117814,Maribelle Bonallick,010-6955-6659,mbonallick1d@baidu.com
2017110456,Farrell Bourbon,010-6967-4296,fbourbon1e@jugem.jp
2017116190,Hy Filippazzo,010-4378-8940,hfilippazzo1f@unc.edu
2017114702,Adriana Hallatt,010-7728-6842,ahallatt1g@barnesandnoble.com
2017114452,Lauretta Bettleson,010-2901-7806,lbettleson1h@google.com.hk
2017112415,Jobie Laneham,010-9604-6239,jlaneham1i@friendfeed.com
2017110166,Anetta Ferraresi,010-2107-2619,aferraresi1j@miitbeian.gov.cn
2017110199,Thekla de Lloyd,010-9776-7651,tde1k@csmonitor.com
2017113529,Delores Knappen,010-8027-5211,dknappen1l@goo.ne.jp
2017119251,Tiebold MacAlroy,010-0069-5318,tmacalroy1m@narod.ru
2017117699,Ogdan Ambrogi,010-2209-6979,oambrogi1n@amazon.co.uk
2017114438,Emlynn Brougham,010-0299-9879,ebrougham1o@meetup.com
2017114186,Wald Dodding,010-8924-2066,wdodding1p@dyndns.org
2017117317,Tillie Sibbson,010-5706-2429,tsibbson1q@weather.com
2017110120,Wallache Cancellario,010-2987-4527,wcancellario1r@sciencedaily.com
2017118466,Llywellyn Wigginton,010-5451-5128,lwigginton1s@who.int
2017114796,Nanice Grigoliis,010-2347-4719,ngrigoliis1t@vistaprint.com
2017111638,Imogen Connerry,010-0872-1034,iconnerry1u@slate.com
2017112894,Whitaker Dissman,010-0097-5173,wdissman1v@si.edu
2017112036,Kimberly Greeve,010-2713-4600,kgreeve1w@typepad.com
2017110398,Hayden Brechin,010-4130-7478,hbrechin1x@ibm.com
2017113889,Lil Sammon,010-0619-0079,lsammon1y@hhs.gov
2017110723,Ashely Mooreed,010-9286-9810,amooreed1z@blinklist.com
2017111950,Antonia Giacobini,010-1888-8957,agiacobini20@ning.com
2017113494,Rogers Enden,010-9271-8621,renden21@moonfruit.com
2017111628,Coleman Dummett,010-4842-6032,cdummett22@oakley.com
2017113148,Emlen Haward,010-7748-7730,ehaward23@csmonitor.com
2017111411,Lamond Backe,010-1936-6840,lbacke24@ycombinator.com
2017114872,Earvin Revelle,010-4079-5828,erevelle25@comsenz.com
2017119503,Jeralee Bruckental,010-5954-4423,jbruckental26@cargocollective.com
2017115102,Annetta Hall-Gough,010-8958-7404,ahallgough27@51.la
2017114779,Liz Jeandet,010-3979-2129,ljeandet28@utexas.edu
2017117262,Kelby Woolfoot,010-4440-2290,kwoolfoot29@umn.edu
2017118160,Pen Andersson,010-0175-9265,pandersson2a@acquirethisname.com
2017116311,Alard Le Barr,010-1979-4396,ale2b@cisco.com
2017116126,Debi Sinnie,010-8239-5029,dsinnie2c@360.cn
2017113391,Pip Paulat,010-9783-2306,ppaulat2d@webeden.co.uk
2017118278,Ola Foster,010-8483-1798,ofoster2e@over-blog.com
2017116779,Cherlyn Dog,010-0125-0429,cdog2f@mail.ru
2017114055,Karleen Graves,010-4495-4693,kgraves2g@usnews.com
2017113521,Nonnah Ivanisov,010-2716-3905,nivanisov2h@yale.edu
2017110951,Liva Heakey,010-4756-7476,lheakey2i@printfriendly.com
2017118269,Gizela Emeney,010-3041-3851,gemeney2j@macromedia.com
2017118607,Rickie Murray,010-2265-0391,rmurray2k@reference.com
2017119332,Ham Foster,010-5284-6317,hfoster2l@parallels.com
2017116723,Flo Glasbey,010-2925-5781,fglasbey2m@deviantart.com
2017119426,Minna Beazey,010-1496-7645,mbeazey2n@scientificamerican.com
2017115201,Oralia Cantu,010-5321-6810,ocantu2o@fastcompany.com
2017111212,Celine Kleinstern,010-0340-1245,ckleinstern2p@ehow.com
2017110658,Carmon Gillard,010-4320-8482,cgillard2q@bizjournals.com
